Transaction_ID,Amount,Account,Date,Type
TRX_000001,9.8,ACC_7304,2024-02-21,Liability
TRX_000002,2.6,ACC_1597,2024-07-01,Revenue
TRX_000003,9.1,ACC_7171,2024-10-11,Revenue
TRX_000004,6.0,ACC_2633,2024-06-14,Expense
TRX_000005,7.44,ACC_2537,2024-06-16,Revenue
TRX_000006,4.26,ACC_9535,2024-08-06,Liability
TRX_000007,2.206,ACC_3324,2024-04-26,Asset
TRX_000008,5.77,ACC_2749,2024-04-14,Asset
TRX_000009,8.9,ACC_3113,2024-09-24,Expense
TRX_000010,2.9,ACC_3274,2024-06-07,Liability
TRX_000011,2.124,ACC_3551,2024-12-10,Liability
TRX_000012,1.3,ACC_9676,2024-05-08,Asset
TRX_000013,4.719,ACC_7971,2024-04-06,Liability
TRX_000014,1.217,ACC_7629,2024-01-01,Asset
TRX_000015,1.4,ACC_3307,2024-06-14,Expense
TRX_000016,7.6,ACC_8183,2024-01-13,Asset
TRX_000017,1.13,ACC_1923,2024-06-26,Asset
TRX_000018,4.482,ACC_4864,2024-04-02,Expense
TRX_000019,1.2,ACC_1264,2024-04-06,Expense
TRX_000020,1.1,ACC_3990,2024-12-12,Revenue
TRX_000021,2.52,ACC_1587,2024-12-26,Liability
TRX_000022,5.04,ACC_2715,2024-02-09,Asset
TRX_000023,2.86,ACC_7416,2024-05-12,Asset
TRX_000024,6.203,ACC_7049,2024-02-03,Liability
TRX_000025,1.658,ACC_6779,2024-12-01,Liability
TRX_000026,1.239,ACC_7040,2024-06-15,Asset
TRX_000027,1.4,ACC_1948,2024-04-14,Liability
TRX_000028,7.821,ACC_2138,2024-01-06,Asset
TRX_000029,1.175,ACC_1141,2024-04-21,Liability
TRX_000030,1.308,ACC_1423,2024-08-14,Expense
TRX_000031,9.82,ACC_8789,2024-03-03,Expense
TRX_000032,5.6,ACC_8230,2024-09-27,Liability
TRX_000033,6.375,ACC_2460,2024-04-08,Revenue
TRX_000034,1.7,ACC_2762,2024-09-27,Expense
TRX_000035,5.371,ACC_8804,2024-06-09,Liability
TRX_000036,1.021,ACC_2492,2024-05-05,Liability
TRX_000037,6.048,ACC_4516,2024-09-04,Asset
TRX_000038,6.7,ACC_8468,2024-07-15,Liability
TRX_000039,2.82,ACC_7748,2024-06-08,Revenue
TRX_000040,4.2,ACC_2846,2024-07-04,Expense
TRX_000041,6.517,ACC_2185,2024-11-23,Revenue
TRX_000042,3.555,ACC_4736,2024-02-17,Revenue
TRX_000043,2.72,ACC_4451,2024-10-01,Revenue
TRX_000044,2.2,ACC_9333,2024-03-16,Revenue
TRX_000045,2.5,ACC_2325,2024-01-08,Asset
TRX_000046,6.9,ACC_1340,2024-05-17,Liability
TRX_000047,3.588,ACC_6463,2024-05-17,Revenue
TRX_000048,6.2,ACC_1182,2024-09-07,Revenue
TRX_000049,4.2,ACC_9210,2024-12-08,Liability
TRX_000050,4.0,ACC_7246,2024-12-26,Revenue
TRX_000051,1.66,ACC_6806,2024-04-18,Expense
TRX_000052,1.03,ACC_1593,2024-05-19,Asset
TRX_000053,2.0,ACC_1331,2024-10-19,Asset
TRX_000054,5.89,ACC_3497,2024-03-11,Revenue
TRX_000055,1.25,ACC_8544,2024-07-03,Liability
TRX_000056,4.1,ACC_2628,2024-06-03,Liability
TRX_000057,9.08,ACC_3466,2024-11-01,Asset
TRX_000058,3.44,ACC_5669,2024-01-25,Asset
TRX_000059,6.45,ACC_2130,2024-02-04,Asset
TRX_000060,1.4,ACC_4259,2024-12-02,Liability
TRX_000061,6.867,ACC_2141,2024-04-01,Liability
TRX_000062,2.6,ACC_4267,2024-05-24,Revenue
TRX_000063,2.912,ACC_6546,2024-11-11,Revenue
TRX_000064,1.7,ACC_1929,2024-04-24,Liability
TRX_000065,3.301,ACC_7980,2024-08-24,Asset
TRX_000066,3.3,ACC_8833,2024-11-14,Expense
TRX_000067,8.921,ACC_3309,2024-11-15,Revenue
TRX_000068,1.9,ACC_3172,2024-05-10,Liability
TRX_000069,2.531,ACC_7139,2024-09-17,Revenue
TRX_000070,1.305,ACC_4236,2024-09-17,Revenue
TRX_000071,3.46,ACC_1946,2024-03-10,Expense
TRX_000072,1.904,ACC_1382,2024-12-21,Liability
TRX_000073,6.072,ACC_6004,2024-02-11,Liability
TRX_000074,2.2,ACC_4835,2024-02-08,Expense
TRX_000075,3.24,ACC_3567,2024-12-05,Revenue
TRX_000076,5.24,ACC_9458,2024-06-13,Asset
TRX_000077,7.5,ACC_7538,2024-07-05,Revenue
TRX_000078,4.9,ACC_1882,2024-03-26,Liability
TRX_000079,1.69,ACC_6347,2024-06-11,Revenue
TRX_000080,3.821,ACC_4536,2024-03-21,Expense
TRX_000081,2.362,ACC_4119,2024-09-08,Liability
TRX_000082,1.0,ACC_4935,2024-08-19,Asset
TRX_000083,7.461,ACC_5117,2024-06-11,Asset
TRX_000084,4.41,ACC_4735,2024-03-24,Expense
TRX_000085,9.221,ACC_3841,2024-01-08,Asset
TRX_000086,1.038,ACC_7144,2024-05-13,Liability
TRX_000087,8.0,ACC_4747,2024-03-02,Asset
TRX_000088,1.1,ACC_6037,2024-04-06,Asset
TRX_000089,2.125,ACC_6647,2024-02-08,Revenue
TRX_000090,3.51,ACC_2497,2024-08-15,Asset
TRX_000091,1.276,ACC_5727,2024-07-27,Expense
TRX_000092,2.6,ACC_3368,2024-01-09,Expense
TRX_000093,9.2,ACC_8480,2024-09-22,Asset
TRX_000094,7.993,ACC_6575,2024-06-20,Liability
TRX_000095,4.13,ACC_9244,2024-08-15,Expense
TRX_000096,3.6,ACC_7919,2024-02-12,Asset
TRX_000097,1.17,ACC_8016,2024-12-17,Asset
TRX_000098,1.9,ACC_2884,2024-10-18,Liability
TRX_000099,3.6,ACC_7056,2024-06-05,Liability
TRX_000100,5.8,ACC_3624,2024-11-19,Revenue
TRX_000101,6.22,ACC_3224,2024-06-16,Liability
TRX_000102,9.0,ACC_9662,2024-10-01,Liability
TRX_000103,4.964,ACC_1234,2024-05-01,Liability
TRX_000104,5.3,ACC_5888,2024-09-21,Liability
TRX_000105,6.9,ACC_2124,2024-06-16,Asset
TRX_000106,3.2,ACC_4374,2024-02-14,Asset
TRX_000107,2.814,ACC_9588,2024-04-02,Liability
TRX_000108,2.57,ACC_3005,2024-01-04,Revenue
TRX_000109,5.1,ACC_4976,2024-08-08,Asset
TRX_000110,1.547,ACC_2461,2024-01-04,Revenue
TRX_000111,1.805,ACC_2673,2024-05-12,Asset
TRX_000112,6.45,ACC_2815,2024-02-22,Revenue
TRX_000113,1.28,ACC_9578,2024-06-17,Liability
TRX_000114,3.8,ACC_9931,2024-10-26,Expense
TRX_000115,5.079,ACC_7091,2024-11-22,Revenue
TRX_000116,1.814,ACC_5063,2024-05-25,Revenue
TRX_000117,5.384,ACC_5579,2024-07-04,Asset
TRX_000118,4.706,ACC_9835,2024-08-03,Revenue
TRX_000119,1.16,ACC_9707,2024-10-08,Revenue
TRX_000120,1.58,ACC_6690,2024-10-12,Asset
TRX_000121,1.89,ACC_8468,2024-03-11,Revenue
TRX_000122,6.003,ACC_1215,2024-06-25,Asset
TRX_000123,1.19,ACC_8763,2024-04-09,Asset
TRX_000124,1.1,ACC_2946,2024-02-15,Liability
TRX_000125,3.4,ACC_8557,2024-06-22,Expense
TRX_000126,2.25,ACC_2116,2024-08-12,Revenue
TRX_000127,1.0,ACC_7474,2024-02-11,Asset
TRX_000128,1.83,ACC_3743,2024-11-26,Expense
TRX_000129,3.481,ACC_8186,2024-07-23,Expense
TRX_000130,4.53,ACC_1619,2024-03-27,Revenue
TRX_000131,8.411,ACC_6366,2024-08-13,Expense
TRX_000132,2.06,ACC_4667,2024-08-18,Expense
TRX_000133,7.4,ACC_7217,2024-04-05,Liability
TRX_000134,8.47,ACC_3217,2024-12-08,Expense
TRX_000135,3.548,ACC_5444,2024-03-12,Revenue
TRX_000136,1.5,ACC_8927,2024-07-27,Expense
TRX_000137,9.6,ACC_4824,2024-03-20,Liability
TRX_000138,5.206,ACC_4674,2024-10-14,Revenue
TRX_000139,6.3,ACC_1692,2024-11-18,Liability
TRX_000140,7.9,ACC_9345,2024-04-20,Asset
TRX_000141,3.884,ACC_2913,2024-01-17,Expense
TRX_000142,7.8,ACC_3780,2024-04-05,Liability
TRX_000143,2.429,ACC_2132,2024-12-07,Asset
TRX_000144,8.74,ACC_5557,2024-04-23,Expense
TRX_000145,7.37,ACC_7696,2024-03-16,Asset
TRX_000146,1.83,ACC_1270,2024-03-05,Revenue
TRX_000147,2.731,ACC_4607,2024-08-10,Liability
TRX_000148,1.0,ACC_7614,2024-05-24,Liability
TRX_000149,2.4,ACC_8997,2024-09-25,Revenue
TRX_000150,2.54,ACC_7534,2024-07-06,Revenue
TRX_000151,2.253,ACC_4109,2024-03-04,Asset
TRX_000152,2.6,ACC_2849,2024-02-05,Revenue
TRX_000153,1.853,ACC_6141,2024-05-22,Revenue
TRX_000154,1.699,ACC_5538,2024-02-09,Revenue
TRX_000155,8.58,ACC_3832,2024-04-16,Liability
TRX_000156,4.445,ACC_3800,2024-01-25,Asset
TRX_000157,2.7,ACC_8361,2024-08-15,Liability
TRX_000158,1.06,ACC_1166,2024-09-17,Expense
TRX_000159,6.8,ACC_6260,2024-06-06,Liability
TRX_000160,9.006,ACC_5287,2024-01-17,Asset
TRX_000161,3.02,ACC_9234,2024-04-03,Liability
TRX_000162,6.1,ACC_5796,2024-07-04,Liability
TRX_000163,5.58,ACC_9112,2024-08-19,Revenue
TRX_000164,3.572,ACC_9850,2024-12-16,Asset
TRX_000165,7.3,ACC_8262,2024-04-12,Asset
TRX_000166,2.28,ACC_5068,2024-08-07,Expense
TRX_000167,4.162,ACC_5595,2024-08-01,Revenue
TRX_000168,1.4,ACC_1139,2024-01-06,Revenue
TRX_000169,2.45,ACC_1887,2024-11-01,Expense
TRX_000170,1.2,ACC_5821,2024-05-27,Expense
TRX_000171,1.303,ACC_4765,2024-07-15,Asset
TRX_000172,1.573,ACC_8196,2024-08-18,Asset
TRX_000173,2.7,ACC_7361,2024-10-17,Expense
TRX_000174,9.8,ACC_2988,2024-02-26,Liability
TRX_000175,2.062,ACC_7241,2024-09-03,Liability
TRX_000176,4.55,ACC_9345,2024-11-23,Asset
TRX_000177,1.538,ACC_3195,2024-12-19,Liability
TRX_000178,1.41,ACC_2742,2024-11-10,Revenue
TRX_000179,5.83,ACC_6178,2024-12-02,Revenue
TRX_000180,1.989,ACC_5757,2024-03-16,Revenue
TRX_000181,1.31,ACC_3461,2024-09-13,Liability
TRX_000182,4.3,ACC_1816,2024-09-04,Asset
TRX_000183,9.9,ACC_8071,2024-06-16,Expense
TRX_000184,1.51,ACC_4490,2024-04-27,Revenue
TRX_000185,8.389,ACC_3962,2024-08-17,Asset
TRX_000186,4.13,ACC_9560,2024-05-23,Asset
TRX_000187,5.084,ACC_3346,2024-02-08,Asset
TRX_000188,2.901,ACC_2629,2024-07-10,Expense
TRX_000189,6.372,ACC_2993,2024-06-01,Asset
TRX_000190,5.72,ACC_9685,2024-10-17,Revenue
TRX_000191,1.86,ACC_5027,2024-12-01,Expense
TRX_000192,7.74,ACC_3817,2024-10-11,Asset
TRX_000193,5.73,ACC_6738,2024-05-15,Liability
TRX_000194,2.598,ACC_7915,2024-06-07,Revenue
TRX_000195,2.062,ACC_9312,2024-01-06,Expense
TRX_000196,1.4,ACC_3032,2024-10-21,Expense
TRX_000197,7.3,ACC_1802,2024-04-05,Revenue
TRX_000198,2.796,ACC_9468,2024-10-20,Liability
TRX_000199,6.643,ACC_7121,2024-01-10,Expense
TRX_000200,8.0,ACC_7972,2024-09-06,Asset
TRX_000201,6.585,ACC_1086,2024-01-12,Asset
TRX_000202,2.85,ACC_2700,2024-07-13,Liability
TRX_000203,4.606,ACC_4687,2024-05-02,Revenue
TRX_000204,5.55,ACC_5384,2024-01-11,Liability
TRX_000205,7.99,ACC_9306,2024-04-02,Revenue
TRX_000206,1.665,ACC_1146,2024-06-15,Expense
TRX_000207,9.8,ACC_1018,2024-03-10,Liability
TRX_000208,5.1,ACC_6618,2024-06-01,Expense
TRX_000209,1.046,ACC_3687,2024-08-26,Revenue
TRX_000210,1.9,ACC_6126,2024-10-17,Asset
TRX_000211,2.0,ACC_7314,2024-09-27,Revenue
TRX_000212,2.4,ACC_4893,2024-12-09,Liability
TRX_000213,5.8,ACC_7773,2024-09-07,Expense
TRX_000214,3.182,ACC_5234,2024-05-14,Expense
TRX_000215,4.21,ACC_4719,2024-06-06,Liability
TRX_000216,1.38,ACC_5780,2024-02-02,Revenue
TRX_000217,6.392,ACC_1002,2024-06-14,Liability
TRX_000218,4.339,ACC_7239,2024-11-11,Expense
TRX_000219,4.8,ACC_1670,2024-12-02,Revenue
TRX_000220,1.3,ACC_6255,2024-09-26,Expense
TRX_000221,6.6,ACC_4792,2024-03-05,Asset
TRX_000222,4.6,ACC_4163,2024-09-06,Revenue
TRX_000223,1.249,ACC_9995,2024-10-05,Revenue
TRX_000224,4.95,ACC_3575,2024-08-08,Asset
TRX_000225,1.1,ACC_2629,2024-12-10,Liability
TRX_000226,5.9,ACC_3561,2024-02-12,Asset
TRX_000227,6.05,ACC_5334,2024-03-06,Asset
TRX_000228,4.4,ACC_1922,2024-04-07,Expense
TRX_000229,1.3,ACC_8647,2024-07-23,Expense
TRX_000230,6.43,ACC_1203,2024-01-08,Revenue
TRX_000231,2.54,ACC_9799,2024-03-15,Revenue
TRX_000232,4.15,ACC_3103,2024-11-24,Liability
TRX_000233,5.751,ACC_3378,2024-01-22,Revenue
TRX_000234,1.392,ACC_5460,2024-11-03,Asset
TRX_000235,1.0,ACC_3850,2024-04-11,Asset
TRX_000236,7.42,ACC_1165,2024-08-18,Revenue
TRX_000237,5.922,ACC_5804,2024-05-10,Asset
TRX_000238,3.2,ACC_4521,2024-10-11,Revenue
TRX_000239,1.671,ACC_7838,2024-12-05,Asset
TRX_000240,1.413,ACC_6232,2024-10-20,Expense
TRX_000241,3.165,ACC_8031,2024-07-11,Revenue
TRX_000242,4.888,ACC_3505,2024-06-19,Revenue
TRX_000243,4.7,ACC_8086,2024-01-14,Expense
TRX_000244,1.06,ACC_8226,2024-11-15,Liability
TRX_000245,2.52,ACC_8323,2024-08-26,Expense
TRX_000246,7.4,ACC_3789,2024-02-04,Expense
TRX_000247,3.537,ACC_8129,2024-01-20,Liability
TRX_000248,1.67,ACC_8382,2024-08-09,Asset
TRX_000249,1.9,ACC_1464,2024-07-25,Liability
TRX_000250,8.3,ACC_6750,2024-12-17,Revenue
TRX_000251,7.21,ACC_7065,2024-07-12,Expense
TRX_000252,1.57,ACC_7628,2024-04-03,Revenue
TRX_000253,5.777,ACC_1649,2024-07-17,Liability
TRX_000254,4.9,ACC_6457,2024-06-24,Asset
TRX_000255,1.16,ACC_3011,2024-05-06,Expense
TRX_000256,3.72,ACC_7059,2024-12-23,Revenue
TRX_000257,2.986,ACC_7324,2024-08-02,Revenue
TRX_000258,1.1,ACC_6067,2024-08-17,Asset
TRX_000259,1.66,ACC_4103,2024-09-08,Liability
TRX_000260,1.1,ACC_1844,2024-09-12,Liability
TRX_000261,4.821,ACC_6558,2024-07-04,Asset
TRX_000262,5.7,ACC_3032,2024-05-06,Asset
TRX_000263,5.53,ACC_7139,2024-07-08,Revenue
TRX_000264,5.557,ACC_9411,2024-05-03,Liability
TRX_000265,3.15,ACC_7855,2024-07-08,Expense
TRX_000266,1.29,ACC_5482,2024-11-12,Revenue
TRX_000267,5.4,ACC_8869,2024-04-25,Asset
TRX_000268,1.49,ACC_4558,2024-06-04,Revenue
TRX_000269,4.1,ACC_9467,2024-04-13,Revenue
TRX_000270,1.0,ACC_1910,2024-01-24,Expense
TRX_000271,1.677,ACC_1314,2024-10-15,Asset
TRX_000272,3.0,ACC_9347,2024-09-16,Asset
TRX_000273,3.06,ACC_7751,2024-02-14,Expense
TRX_000274,2.446,ACC_7992,2024-08-19,Liability
TRX_000275,4.46,ACC_8069,2024-01-25,Liability
TRX_000276,8.021,ACC_4791,2024-09-15,Liability
TRX_000277,5.88,ACC_9263,2024-11-12,Revenue
TRX_000278,4.26,ACC_8850,2024-01-01,Liability
TRX_000279,3.4,ACC_9615,2024-07-24,Expense
TRX_000280,2.42,ACC_5917,2024-08-09,Revenue
TRX_000281,1.704,ACC_8282,2024-02-08,Asset
TRX_000282,4.052,ACC_2051,2024-02-06,Asset
TRX_000283,3.9,ACC_3105,2024-04-26,Liability
TRX_000284,3.292,ACC_6869,2024-08-24,Asset
TRX_000285,7.17,ACC_7603,2024-08-24,Liability
TRX_000286,2.87,ACC_8755,2024-08-23,Expense
TRX_000287,2.129,ACC_7653,2024-06-10,Revenue
TRX_000288,5.22,ACC_5247,2024-05-03,Expense
TRX_000289,8.2,ACC_7305,2024-07-18,Liability
TRX_000290,5.605,ACC_4672,2024-02-03,Expense
TRX_000291,4.3,ACC_7589,2024-01-20,Expense
TRX_000292,4.93,ACC_1974,2024-09-21,Liability
TRX_000293,1.5,ACC_3672,2024-11-16,Liability
TRX_000294,5.142,ACC_3773,2024-08-23,Liability
TRX_000295,7.98,ACC_8347,2024-01-08,Asset
TRX_000296,1.9,ACC_2716,2024-07-05,Liability
TRX_000297,1.48,ACC_8616,2024-08-19,Expense
TRX_000298,7.975,ACC_9923,2024-10-09,Asset
TRX_000299,9.7,ACC_7686,2024-04-25,Liability
TRX_000300,3.74,ACC_3432,2024-01-25,Asset
TRX_000301,4.4,ACC_5117,2024-06-03,Revenue
TRX_000302,6.0,ACC_9848,2024-06-17,Liability
TRX_000303,3.27,ACC_4580,2024-11-13,Revenue
TRX_000304,1.545,ACC_8984,2024-07-25,Expense
TRX_000305,1.9,ACC_5485,2024-06-27,Liability
TRX_000306,4.8,ACC_5621,2024-07-12,Asset
TRX_000307,3.202,ACC_2939,2024-04-03,Liability
TRX_000308,8.0,ACC_2073,2024-01-03,Liability
TRX_000309,5.94,ACC_8023,2024-04-08,Asset
TRX_000310,1.39,ACC_3284,2024-02-03,Expense
TRX_000311,2.861,ACC_4847,2024-07-24,Liability
TRX_000312,8.82,ACC_3845,2024-10-06,Expense
TRX_000313,1.6,ACC_7715,2024-02-11,Expense
TRX_000314,1.5,ACC_2657,2024-12-04,Revenue
TRX_000315,8.17,ACC_7009,2024-09-05,Expense
TRX_000316,3.29,ACC_8263,2024-04-04,Revenue
TRX_000317,5.5,ACC_8701,2024-01-20,Expense
TRX_000318,6.928,ACC_8483,2024-12-23,Expense
TRX_000319,4.8,ACC_2814,2024-10-19,Revenue
TRX_000320,1.368,ACC_3971,2024-02-13,Liability
TRX_000321,2.9,ACC_1717,2024-10-25,Expense
TRX_000322,2.882,ACC_9307,2024-02-10,Asset
TRX_000323,1.4,ACC_8381,2024-07-23,Revenue
TRX_000324,1.89,ACC_7197,2024-11-11,Liability
TRX_000325,3.24,ACC_9378,2024-10-16,Expense
TRX_000326,6.936,ACC_6877,2024-02-26,Asset
TRX_000327,3.766,ACC_5670,2024-08-12,Revenue
TRX_000328,6.0,ACC_5471,2024-04-21,Liability
TRX_000329,8.46,ACC_7543,2024-10-07,Revenue
TRX_000330,7.4,ACC_7940,2024-03-15,Liability
TRX_000331,4.944,ACC_8478,2024-04-20,Revenue
TRX_000332,1.51,ACC_8108,2024-06-04,Expense
TRX_000333,2.153,ACC_3581,2024-04-20,Asset
TRX_000334,1.225,ACC_7382,2024-09-20,Revenue
TRX_000335,3.14,ACC_7781,2024-11-05,Expense
TRX_000336,4.1,ACC_6929,2024-09-10,Asset
TRX_000337,9.928,ACC_6308,2024-03-21,Liability
TRX_000338,4.11,ACC_3363,2024-08-17,Liability
TRX_000339,7.64,ACC_1926,2024-11-24,Revenue
TRX_000340,1.3,ACC_4398,2024-10-15,Expense
TRX_000341,1.0,ACC_2371,2024-01-15,Liability
TRX_000342,6.197,ACC_7553,2024-11-08,Expense
TRX_000343,4.2,ACC_1011,2024-03-10,Asset
TRX_000344,3.01,ACC_3077,2024-04-06,Liability
TRX_000345,5.9,ACC_9635,2024-10-08,Revenue
TRX_000346,4.5,ACC_9745,2024-05-22,Liability
TRX_000347,1.3,ACC_7897,2024-11-27,Revenue
TRX_000348,9.81,ACC_7155,2024-08-09,Liability
TRX_000349,1.81,ACC_6807,2024-04-07,Liability
TRX_000350,5.375,ACC_2409,2024-09-14,Expense
TRX_000351,1.3,ACC_3172,2024-07-24,Revenue
TRX_000352,1.41,ACC_4981,2024-02-26,Liability
TRX_000353,1.33,ACC_8189,2024-04-24,Revenue
TRX_000354,2.3,ACC_8697,2024-06-03,Asset
TRX_000355,1.434,ACC_6874,2024-07-14,Expense
TRX_000356,4.6,ACC_3364,2024-07-14,Liability
TRX_000357,6.8,ACC_7638,2024-12-02,Revenue
TRX_000358,1.704,ACC_8454,2024-03-17,Liability
TRX_000359,1.67,ACC_7394,2024-04-03,Revenue
TRX_000360,3.85,ACC_2985,2024-05-27,Revenue
TRX_000361,2.3,ACC_8754,2024-07-15,Expense
TRX_000362,2.5,ACC_3575,2024-03-20,Expense
TRX_000363,2.94,ACC_6968,2024-02-20,Expense
TRX_000364,3.022,ACC_6594,2024-12-12,Liability
TRX_000365,5.6,ACC_1242,2024-06-19,Expense
TRX_000366,1.853,ACC_3158,2024-05-13,Expense
TRX_000367,1.92,ACC_1298,2024-12-09,Liability
TRX_000368,4.269,ACC_3657,2024-11-19,Liability
TRX_000369,2.09,ACC_2243,2024-01-03,Liability
TRX_000370,3.76,ACC_5362,2024-07-04,Revenue
TRX_000371,5.24,ACC_6540,2024-05-24,Liability
TRX_000372,1.5,ACC_4637,2024-09-20,Expense
TRX_000373,4.6,ACC_9557,2024-10-11,Liability
TRX_000374,8.618,ACC_5633,2024-09-22,Revenue
TRX_000375,2.2,ACC_2773,2024-04-13,Asset
TRX_000376,2.2,ACC_1506,2024-05-22,Liability
TRX_000377,2.896,ACC_2192,2024-10-10,Revenue
TRX_000378,3.1,ACC_7106,2024-04-01,Revenue
TRX_000379,1.3,ACC_1643,2024-11-22,Expense
TRX_000380,1.182,ACC_1919,2024-03-04,Expense
TRX_000381,3.812,ACC_9750,2024-11-27,Asset
TRX_000382,3.6,ACC_5399,2024-10-16,Asset
TRX_000383,3.51,ACC_3155,2024-12-04,Expense
TRX_000384,2.609,ACC_3646,2024-10-13,Expense
TRX_000385,5.24,ACC_8933,2024-05-25,Expense
TRX_000386,3.5,ACC_1861,2024-11-07,Revenue
TRX_000387,7.041,ACC_6811,2024-07-21,Liability
TRX_000388,1.615,ACC_6540,2024-10-01,Liability
TRX_000389,1.31,ACC_7748,2024-08-22,Expense
TRX_000390,6.98,ACC_7646,2024-09-21,Asset
TRX_000391,1.626,ACC_9456,2024-10-13,Expense
TRX_000392,1.494,ACC_9671,2024-11-10,Asset
TRX_000393,4.622,ACC_3395,2024-03-06,Liability
TRX_000394,2.2,ACC_4138,2024-08-08,Asset
TRX_000395,1.324,ACC_1556,2024-08-23,Liability
TRX_000396,3.4,ACC_2016,2024-07-15,Asset
TRX_000397,1.5,ACC_7256,2024-05-12,Revenue
TRX_000398,2.77,ACC_4440,2024-09-18,Liability
TRX_000399,9.83,ACC_3936,2024-07-11,Expense
TRX_000400,4.811,ACC_2342,2024-09-19,Liability
TRX_000401,2.873,ACC_8235,2024-09-02,Liability
TRX_000402,9.76,ACC_3653,2024-05-25,Liability
TRX_000403,1.119,ACC_3038,2024-02-15,Asset
TRX_000404,6.1,ACC_2784,2024-07-11,Asset
TRX_000405,9.9,ACC_7893,2024-06-13,Liability
TRX_000406,3.2,ACC_8082,2024-07-22,Asset
TRX_000407,1.16,ACC_3962,2024-12-27,Liability
TRX_000408,7.4,ACC_6730,2024-02-03,Liability
TRX_000409,3.6,ACC_7453,2024-06-16,Liability
TRX_000410,4.7,ACC_5086,2024-06-21,Expense
TRX_000411,8.8,ACC_5758,2024-03-23,Asset
TRX_000412,5.16,ACC_4534,2024-01-21,Revenue
TRX_000413,1.172,ACC_5530,2024-10-07,Expense
TRX_000414,1.584,ACC_3156,2024-09-21,Expense
TRX_000415,3.0,ACC_7772,2024-12-17,Liability
TRX_000416,3.9,ACC_9488,2024-06-11,Revenue
TRX_000417,1.17,ACC_6622,2024-05-03,Revenue
TRX_000418,1.03,ACC_8036,2024-08-13,Asset
TRX_000419,7.0,ACC_5603,2024-11-02,Revenue
TRX_000420,2.2,ACC_5818,2024-09-16,Expense
TRX_000421,8.9,ACC_5576,2024-02-16,Liability
TRX_000422,6.18,ACC_9236,2024-06-21,Expense
TRX_000423,1.6,ACC_2001,2024-10-25,Liability
TRX_000424,3.8,ACC_1478,2024-04-08,Revenue
TRX_000425,2.3,ACC_1271,2024-03-25,Liability
TRX_000426,5.3,ACC_7222,2024-02-15,Expense
TRX_000427,6.98,ACC_1066,2024-09-21,Asset
TRX_000428,1.9,ACC_5471,2024-12-05,Expense
TRX_000429,8.3,ACC_1198,2024-02-22,Liability
TRX_000430,8.764,ACC_2174,2024-10-19,Revenue
TRX_000431,5.1,ACC_9979,2024-12-23,Revenue
TRX_000432,1.9,ACC_1731,2024-10-23,Expense
TRX_000433,2.153,ACC_9516,2024-03-22,Asset
TRX_000434,1.78,ACC_3371,2024-09-12,Asset
TRX_000435,5.02,ACC_3917,2024-04-07,Expense
TRX_000436,2.5,ACC_5327,2024-03-08,Expense
TRX_000437,2.906,ACC_7691,2024-09-06,Liability
TRX_000438,1.86,ACC_8037,2024-02-03,Asset
TRX_000439,7.29,ACC_1687,2024-05-22,Liability
TRX_000440,1.723,ACC_4183,2024-06-27,Asset
TRX_000441,1.7,ACC_2335,2024-06-04,Asset
TRX_000442,7.76,ACC_3330,2024-01-27,Liability
TRX_000443,7.894,ACC_9881,2024-04-05,Revenue
TRX_000444,2.2,ACC_2412,2024-03-20,Asset
TRX_000445,1.07,ACC_6969,2024-02-22,Expense
TRX_000446,2.513,ACC_8943,2024-03-15,Revenue
TRX_000447,1.3,ACC_7924,2024-01-02,Expense
TRX_000448,1.81,ACC_2990,2024-07-25,Expense
TRX_000449,1.51,ACC_5435,2024-05-21,Expense
TRX_000450,1.9,ACC_8440,2024-10-23,Expense
TRX_000451,8.15,ACC_7468,2024-05-20,Liability
TRX_000452,2.4,ACC_7852,2024-10-25,Expense
TRX_000453,1.55,ACC_3721,2024-07-06,Asset
TRX_000454,1.6,ACC_7240,2024-01-24,Liability
TRX_000455,3.09,ACC_2128,2024-07-04,Liability
TRX_000456,9.61,ACC_5567,2024-08-17,Revenue
TRX_000457,1.04,ACC_9362,2024-07-10,Revenue
TRX_000458,7.529,ACC_5961,2024-10-04,Asset
TRX_000459,6.96,ACC_5565,2024-10-01,Liability
TRX_000460,9.49,ACC_3568,2024-11-15,Liability
TRX_000461,9.537,ACC_1240,2024-01-24,Liability
TRX_000462,1.586,ACC_8995,2024-03-22,Asset
TRX_000463,8.2,ACC_7568,2024-10-02,Revenue
TRX_000464,8.69,ACC_5368,2024-06-14,Asset
TRX_000465,1.75,ACC_2910,2024-03-25,Liability
TRX_000466,1.03,ACC_7996,2024-06-05,Revenue
TRX_000467,9.445,ACC_7681,2024-12-01,Liability
TRX_000468,8.086,ACC_4462,2024-12-21,Asset
TRX_000469,3.36,ACC_5703,2024-03-02,Expense
TRX_000470,1.4,ACC_2861,2024-06-09,Liability
TRX_000471,4.495,ACC_9081,2024-06-13,Revenue
TRX_000472,1.69,ACC_8264,2024-04-13,Asset
TRX_000473,2.4,ACC_8996,2024-02-23,Expense
TRX_000474,1.569,ACC_3460,2024-02-01,Revenue
TRX_000475,3.291,ACC_4114,2024-07-09,Revenue
TRX_000476,3.69,ACC_3630,2024-10-02,Expense
TRX_000477,6.0,ACC_5078,2024-10-19,Liability
TRX_000478,8.0,ACC_4565,2024-11-18,Expense
TRX_000479,1.68,ACC_8382,2024-12-22,Liability
TRX_000480,4.9,ACC_3223,2024-11-21,Expense
TRX_000481,1.7,ACC_5823,2024-05-25,Expense
TRX_000482,2.78,ACC_3883,2024-01-17,Revenue
TRX_000483,3.79,ACC_2738,2024-05-21,Expense
TRX_000484,7.01,ACC_1495,2024-04-05,Revenue
TRX_000485,2.0,ACC_1156,2024-04-18,Asset
TRX_000486,5.846,ACC_5626,2024-10-20,Expense
TRX_000487,2.01,ACC_6599,2024-05-03,Expense
TRX_000488,8.0,ACC_4767,2024-03-11,Revenue
TRX_000489,7.733,ACC_9052,2024-06-07,Expense
TRX_000490,5.5,ACC_7704,2024-09-10,Expense
TRX_000491,4.76,ACC_7031,2024-04-16,Asset
TRX_000492,5.996,ACC_8328,2024-10-25,Revenue
TRX_000493,2.339,ACC_3506,2024-02-14,Liability
TRX_000494,2.07,ACC_3941,2024-02-12,Expense
TRX_000495,3.98,ACC_7230,2024-07-17,Expense
TRX_000496,1.33,ACC_6818,2024-03-23,Liability
TRX_000497,5.21,ACC_2532,2024-06-13,Liability
TRX_000498,1.35,ACC_4122,2024-08-07,Liability
TRX_000499,7.34,ACC_7500,2024-07-27,Revenue
TRX_000500,1.946,ACC_4364,2024-09-15,Asset
TRX_000501,1.9,ACC_5500,2024-08-21,Revenue
TRX_000502,3.72,ACC_5726,2024-07-14,Expense
TRX_000503,8.189,ACC_2936,2024-01-03,Expense
TRX_000504,6.6,ACC_5611,2024-10-13,Expense
TRX_000505,2.83,ACC_3244,2024-03-02,Liability
TRX_000506,5.57,ACC_5732,2024-03-11,Asset
TRX_000507,1.1,ACC_3567,2024-10-11,Liability
TRX_000508,3.43,ACC_6127,2024-04-10,Liability
TRX_000509,3.14,ACC_4732,2024-12-18,Expense
TRX_000510,8.68,ACC_6413,2024-06-12,Expense
TRX_000511,2.95,ACC_9433,2024-06-24,Asset
TRX_000512,1.7,ACC_1069,2024-05-25,Expense
TRX_000513,2.1,ACC_9119,2024-12-25,Liability
TRX_000514,6.98,ACC_8347,2024-10-10,Expense
TRX_000515,2.183,ACC_1231,2024-07-07,Liability
TRX_000516,8.1,ACC_3276,2024-02-20,Asset
TRX_000517,7.5,ACC_5497,2024-08-08,Revenue
TRX_000518,7.9,ACC_9534,2024-04-17,Asset
TRX_000519,7.3,ACC_1942,2024-08-25,Liability
TRX_000520,7.42,ACC_4381,2024-01-12,Liability
TRX_000521,2.7,ACC_5152,2024-05-26,Expense
TRX_000522,1.297,ACC_4326,2024-12-02,Asset
TRX_000523,5.45,ACC_6092,2024-07-26,Expense
TRX_000524,3.784,ACC_6636,2024-11-10,Liability
TRX_000525,4.1,ACC_1654,2024-10-24,Asset
TRX_000526,4.345,ACC_7154,2024-12-26,Revenue
TRX_000527,1.4,ACC_7639,2024-01-27,Asset
TRX_000528,1.374,ACC_9075,2024-10-05,Liability
TRX_000529,7.4,ACC_3803,2024-06-24,Asset
TRX_000530,1.16,ACC_3665,2024-10-14,Asset
TRX_000531,8.0,ACC_2223,2024-05-19,Expense
TRX_000532,1.542,ACC_5277,2024-03-10,Liability
TRX_000533,9.173,ACC_8448,2024-07-12,Expense
TRX_000534,6.841,ACC_8082,2024-03-25,Asset
TRX_000535,1.38,ACC_8422,2024-02-15,Liability
TRX_000536,1.1,ACC_3793,2024-01-07,Liability
TRX_000537,2.729,ACC_9102,2024-10-17,Expense
TRX_000538,4.3,ACC_1835,2024-07-23,Expense
TRX_000539,8.721,ACC_5022,2024-08-17,Liability
TRX_000540,2.3,ACC_5573,2024-12-04,Asset
TRX_000541,4.18,ACC_9945,2024-07-17,Liability
TRX_000542,3.965,ACC_7811,2024-05-21,Asset
TRX_000543,3.2,ACC_9605,2024-02-14,Expense
TRX_000544,3.684,ACC_1579,2024-11-02,Expense
TRX_000545,2.98,ACC_1452,2024-10-10,Expense
TRX_000546,5.47,ACC_7747,2024-01-07,Expense
TRX_000547,1.0,ACC_2168,2024-05-26,Revenue
TRX_000548,1.7,ACC_8338,2024-03-04,Expense
TRX_000549,1.7,ACC_1445,2024-11-17,Liability
TRX_000550,2.58,ACC_5992,2024-07-26,Asset
TRX_000551,4.763,ACC_6011,2024-06-22,Revenue
TRX_000552,9.1,ACC_6724,2024-03-01,Revenue
TRX_000553,3.42,ACC_1551,2024-03-25,Asset
TRX_000554,2.6,ACC_7099,2024-04-12,Revenue
TRX_000555,7.652,ACC_9564,2024-01-23,Revenue
TRX_000556,1.22,ACC_9695,2024-07-22,Asset
TRX_000557,4.38,ACC_5378,2024-02-04,Asset
TRX_000558,5.145,ACC_3810,2024-07-17,Asset
TRX_000559,2.3,ACC_7117,2024-09-05,Expense
TRX_000560,3.8,ACC_3243,2024-03-24,Expense
TRX_000561,1.82,ACC_9971,2024-02-17,Expense
TRX_000562,5.6,ACC_4406,2024-12-09,Asset
TRX_000563,1.2,ACC_2749,2024-11-19,Revenue
TRX_000564,6.4,ACC_7784,2024-10-15,Asset
TRX_000565,1.65,ACC_8194,2024-12-18,Asset
TRX_000566,1.1,ACC_2502,2024-02-07,Liability
TRX_000567,1.88,ACC_8367,2024-03-03,Expense
TRX_000568,1.36,ACC_4539,2024-09-12,Expense
TRX_000569,3.63,ACC_4382,2024-04-15,Liability
TRX_000570,1.894,ACC_6739,2024-02-10,Expense
TRX_000571,5.119,ACC_7606,2024-12-26,Revenue
TRX_000572,1.82,ACC_8419,2024-11-23,Asset
TRX_000573,4.15,ACC_4250,2024-02-12,Asset
TRX_000574,1.41,ACC_7082,2024-03-22,Expense
TRX_000575,8.067,ACC_4209,2024-07-24,Revenue
TRX_000576,1.498,ACC_4557,2024-04-24,Asset
TRX_000577,2.4,ACC_1687,2024-06-03,Asset
TRX_000578,1.7,ACC_4395,2024-11-06,Revenue
TRX_000579,1.2,ACC_2872,2024-09-02,Revenue
TRX_000580,5.39,ACC_3581,2024-11-23,Asset
TRX_000581,1.74,ACC_2036,2024-09-25,Revenue
TRX_000582,3.7,ACC_6065,2024-01-25,Liability
TRX_000583,2.2,ACC_5354,2024-08-05,Expense
TRX_000584,3.479,ACC_4945,2024-04-02,Asset
TRX_000585,1.615,ACC_4880,2024-04-25,Expense
TRX_000586,1.6,ACC_2574,2024-01-13,Asset
TRX_000587,1.551,ACC_5095,2024-06-20,Revenue
TRX_000588,2.7,ACC_9240,2024-04-01,Expense
TRX_000589,6.6,ACC_3833,2024-06-22,Revenue
TRX_000590,7.991,ACC_9278,2024-01-16,Expense
TRX_000591,3.18,ACC_4535,2024-11-05,Asset
TRX_000592,2.379,ACC_7636,2024-11-26,Liability
TRX_000593,2.454,ACC_5566,2024-12-02,Revenue
TRX_000594,6.28,ACC_8743,2024-06-26,Asset
TRX_000595,2.27,ACC_7207,2024-04-11,Revenue
TRX_000596,9.046,ACC_7878,2024-06-14,Expense
TRX_000597,1.102,ACC_4483,2024-07-01,Revenue
TRX_000598,5.211,ACC_4007,2024-10-05,Revenue
TRX_000599,2.91,ACC_1501,2024-05-17,Asset
TRX_000600,9.2,ACC_1969,2024-05-14,Expense
TRX_000601,4.9,ACC_8397,2024-12-26,Liability
TRX_000602,2.042,ACC_5958,2024-08-16,Asset
TRX_000603,3.55,ACC_9186,2024-06-14,Revenue
TRX_000604,7.4,ACC_9677,2024-05-08,Asset
TRX_000605,4.7,ACC_3311,2024-10-14,Asset
TRX_000606,4.8,ACC_6785,2024-10-22,Liability
TRX_000607,7.5,ACC_9740,2024-06-07,Asset
TRX_000608,2.5,ACC_5507,2024-06-14,Revenue
TRX_000609,2.8,ACC_5698,2024-08-13,Expense
TRX_000610,2.7,ACC_1726,2024-05-10,Asset
TRX_000611,4.9,ACC_4885,2024-02-25,Revenue
TRX_000612,7.6,ACC_7985,2024-10-20,Revenue
TRX_000613,1.595,ACC_1564,2024-02-26,Expense
TRX_000614,4.54,ACC_5631,2024-04-01,Revenue
TRX_000615,2.4,ACC_4549,2024-09-15,Asset
TRX_000616,5.759,ACC_3892,2024-01-24,Asset
TRX_000617,8.025,ACC_2294,2024-09-02,Asset
TRX_000618,6.23,ACC_2322,2024-05-03,Revenue
TRX_000619,9.16,ACC_9488,2024-10-18,Asset
TRX_000620,6.26,ACC_3208,2024-05-16,Asset
TRX_000621,1.633,ACC_9867,2024-12-13,Revenue
TRX_000622,2.538,ACC_5534,2024-09-16,Expense
TRX_000623,3.2,ACC_4799,2024-11-13,Liability
TRX_000624,6.1,ACC_2487,2024-09-18,Expense
TRX_000625,1.659,ACC_2620,2024-01-16,Liability
TRX_000626,3.0,ACC_1100,2024-02-20,Liability
TRX_000627,4.029,ACC_7073,2024-03-20,Expense
TRX_000628,1.413,ACC_5235,2024-07-14,Asset
TRX_000629,1.0,ACC_9697,2024-10-10,Asset
TRX_000630,1.9,ACC_4720,2024-01-01,Liability
TRX_000631,1.8,ACC_8281,2024-09-15,Expense
TRX_000632,5.3,ACC_6560,2024-01-12,Asset
TRX_000633,1.22,ACC_5157,2024-10-06,Revenue
TRX_000634,3.39,ACC_5207,2024-09-25,Expense
TRX_000635,1.034,ACC_5615,2024-12-02,Liability
TRX_000636,4.8,ACC_8456,2024-03-18,Liability
TRX_000637,6.88,ACC_7041,2024-02-03,Expense
TRX_000638,3.626,ACC_1470,2024-09-02,Revenue
TRX_000639,1.114,ACC_9249,2024-10-12,Expense
TRX_000640,5.814,ACC_2790,2024-06-22,Asset
TRX_000641,1.987,ACC_6317,2024-11-26,Revenue
TRX_000642,7.3,ACC_8129,2024-02-21,Liability
TRX_000643,1.54,ACC_8866,2024-02-11,Asset
TRX_000644,1.71,ACC_5920,2024-09-19,Liability
TRX_000645,5.472,ACC_7870,2024-11-08,Liability
TRX_000646,3.21,ACC_7825,2024-07-09,Revenue
TRX_000647,2.066,ACC_4935,2024-12-08,Revenue
TRX_000648,2.4,ACC_8856,2024-10-05,Expense
TRX_000649,5.6,ACC_6984,2024-11-18,Expense
TRX_000650,1.6,ACC_4737,2024-01-17,Expense
TRX_000651,1.15,ACC_1105,2024-08-18,Asset
TRX_000652,5.06,ACC_5541,2024-10-06,Expense
TRX_000653,2.96,ACC_4981,2024-06-19,Asset
TRX_000654,2.84,ACC_7376,2024-10-21,Asset
TRX_000655,1.318,ACC_9417,2024-03-26,Expense
TRX_000656,1.975,ACC_9895,2024-01-19,Asset
TRX_000657,2.3,ACC_6579,2024-05-03,Asset
TRX_000658,1.0,ACC_4675,2024-02-12,Revenue
TRX_000659,3.7,ACC_4170,2024-06-04,Asset
TRX_000660,4.25,ACC_3024,2024-11-16,Expense
TRX_000661,1.176,ACC_2906,2024-08-26,Revenue
TRX_000662,1.8,ACC_2460,2024-03-22,Expense
TRX_000663,7.64,ACC_2428,2024-11-10,Asset
TRX_000664,2.0,ACC_3686,2024-11-08,Expense
TRX_000665,8.175,ACC_3262,2024-05-09,Revenue
TRX_000666,8.017,ACC_4998,2024-01-07,Expense
TRX_000667,2.681,ACC_5071,2024-09-27,Asset
TRX_000668,1.4,ACC_3739,2024-05-20,Asset
TRX_000669,6.81,ACC_3975,2024-10-06,Revenue
TRX_000670,1.0,ACC_1818,2024-05-13,Asset
TRX_000671,4.8,ACC_3418,2024-03-12,Expense
TRX_000672,1.68,ACC_7830,2024-06-03,Liability
TRX_000673,9.477,ACC_2781,2024-01-08,Liability
TRX_000674,3.39,ACC_9742,2024-09-14,Liability
TRX_000675,1.871,ACC_7614,2024-02-13,Liability
TRX_000676,2.3,ACC_8492,2024-06-16,Revenue
TRX_000677,5.01,ACC_4161,2024-05-23,Liability
TRX_000678,2.16,ACC_9624,2024-01-25,Revenue
TRX_000679,8.0,ACC_3233,2024-04-19,Revenue
TRX_000680,3.1,ACC_8830,2024-01-07,Liability
TRX_000681,2.5,ACC_8799,2024-05-02,Liability
TRX_000682,3.97,ACC_6972,2024-11-27,Liability
TRX_000683,1.0,ACC_2030,2024-03-26,Liability
TRX_000684,3.041,ACC_9106,2024-04-16,Revenue
TRX_000685,1.73,ACC_2672,2024-12-21,Revenue
TRX_000686,1.6,ACC_8734,2024-01-05,Expense
TRX_000687,8.989,ACC_4253,2024-07-14,Asset
TRX_000688,5.907,ACC_4513,2024-08-13,Asset
TRX_000689,9.3,ACC_9529,2024-02-05,Expense
TRX_000690,3.735,ACC_6993,2024-06-19,Expense
TRX_000691,1.063,ACC_6085,2024-07-19,Liability
TRX_000692,3.441,ACC_4690,2024-10-12,Expense
TRX_000693,4.15,ACC_4862,2024-11-26,Asset
TRX_000694,2.74,ACC_4345,2024-07-18,Expense
TRX_000695,3.822,ACC_8095,2024-12-11,Asset
TRX_000696,1.25,ACC_4771,2024-04-12,Liability
TRX_000697,1.4,ACC_9712,2024-09-19,Asset
TRX_000698,1.1,ACC_8111,2024-03-17,Liability
TRX_000699,2.155,ACC_3765,2024-03-12,Liability
TRX_000700,3.16,ACC_3972,2024-01-07,Expense
TRX_000701,9.05,ACC_6463,2024-06-27,Expense
TRX_000702,1.17,ACC_2070,2024-11-22,Expense
TRX_000703,1.87,ACC_7854,2024-07-21,Expense
TRX_000704,3.23,ACC_4867,2024-11-18,Expense
TRX_000705,2.54,ACC_9067,2024-11-04,Revenue
TRX_000706,1.76,ACC_5782,2024-10-25,Revenue
TRX_000707,6.766,ACC_3523,2024-05-18,Expense
TRX_000708,9.86,ACC_2220,2024-03-12,Asset
TRX_000709,2.32,ACC_7523,2024-11-08,Asset
TRX_000710,2.619,ACC_5498,2024-10-09,Liability
TRX_000711,2.9,ACC_1792,2024-04-14,Liability
TRX_000712,3.679,ACC_2214,2024-04-19,Asset
TRX_000713,4.0,ACC_6917,2024-06-03,Revenue
TRX_000714,9.155,ACC_7906,2024-08-12,Revenue
TRX_000715,8.81,ACC_1224,2024-10-02,Liability
TRX_000716,4.5,ACC_2888,2024-06-12,Asset
TRX_000717,6.03,ACC_9701,2024-08-05,Revenue
TRX_000718,2.9,ACC_8777,2024-09-24,Asset
TRX_000719,2.453,ACC_2777,2024-09-03,Liability
TRX_000720,4.71,ACC_2325,2024-06-11,Liability
TRX_000721,2.205,ACC_3869,2024-05-27,Liability
TRX_000722,2.003,ACC_2824,2024-12-17,Revenue
TRX_000723,3.44,ACC_4845,2024-08-19,Revenue
TRX_000724,2.7,ACC_1968,2024-01-09,Asset
TRX_000725,4.8,ACC_2469,2024-06-04,Asset
TRX_000726,2.67,ACC_4431,2024-01-24,Expense
TRX_000727,2.72,ACC_3892,2024-04-06,Asset
TRX_000728,6.57,ACC_4641,2024-11-07,Liability
TRX_000729,1.669,ACC_5335,2024-10-08,Revenue
TRX_000730,2.6,ACC_6494,2024-04-25,Liability
TRX_000731,8.17,ACC_1462,2024-01-20,Expense
TRX_000732,4.6,ACC_8903,2024-11-25,Revenue
TRX_000733,5.4,ACC_7009,2024-11-22,Revenue
TRX_000734,1.822,ACC_5070,2024-07-06,Liability
TRX_000735,3.6,ACC_4620,2024-07-18,Expense
TRX_000736,1.3,ACC_3650,2024-01-14,Revenue
TRX_000737,9.76,ACC_2531,2024-10-17,Liability
TRX_000738,7.1,ACC_7163,2024-01-16,Asset
TRX_000739,3.54,ACC_3908,2024-09-04,Expense
TRX_000740,1.086,ACC_5009,2024-12-25,Asset
TRX_000741,5.93,ACC_1225,2024-06-24,Expense
TRX_000742,1.1,ACC_4727,2024-08-25,Liability
TRX_000743,3.97,ACC_9795,2024-06-27,Liability
TRX_000744,3.9,ACC_4770,2024-06-14,Expense
TRX_000745,1.326,ACC_7833,2024-02-11,Expense
TRX_000746,3.511,ACC_1966,2024-10-17,Expense
TRX_000747,2.76,ACC_9101,2024-04-02,Revenue
TRX_000748,1.09,ACC_5607,2024-02-13,Liability
TRX_000749,2.03,ACC_2726,2024-07-10,Asset
TRX_000750,4.813,ACC_1356,2024-01-08,Liability
TRX_000751,3.7,ACC_5418,2024-02-21,Asset
TRX_000752,2.571,ACC_3739,2024-11-07,Liability
TRX_000753,5.9,ACC_1877,2024-07-01,Revenue
TRX_000754,9.3,ACC_9728,2024-07-10,Revenue
TRX_000755,9.069,ACC_4863,2024-11-09,Liability
TRX_000756,4.6,ACC_5690,2024-10-05,Asset
TRX_000757,1.1,ACC_8869,2024-02-07,Asset
TRX_000758,3.63,ACC_1028,2024-02-16,Asset
TRX_000759,1.4,ACC_6755,2024-03-07,Expense
TRX_000760,2.1,ACC_4581,2024-11-24,Expense
TRX_000761,1.862,ACC_1325,2024-11-11,Asset
TRX_000762,5.5,ACC_4896,2024-05-07,Revenue
TRX_000763,1.025,ACC_3577,2024-10-11,Revenue
TRX_000764,2.3,ACC_9128,2024-04-03,Expense
TRX_000765,1.063,ACC_8140,2024-10-21,Revenue
TRX_000766,2.1,ACC_6622,2024-06-05,Liability
TRX_000767,2.5,ACC_5086,2024-09-26,Asset
TRX_000768,3.7,ACC_9419,2024-01-21,Expense
TRX_000769,5.7,ACC_6463,2024-03-25,Asset
TRX_000770,8.591,ACC_6781,2024-01-27,Revenue
TRX_000771,1.87,ACC_9002,2024-03-17,Expense
TRX_000772,2.07,ACC_4412,2024-09-23,Liability
TRX_000773,1.8,ACC_5833,2024-10-10,Asset
TRX_000774,6.669,ACC_9940,2024-05-06,Revenue
TRX_000775,1.87,ACC_8292,2024-10-08,Asset
TRX_000776,2.55,ACC_4264,2024-12-14,Liability
TRX_000777,1.91,ACC_1550,2024-07-11,Liability
TRX_000778,1.1,ACC_5409,2024-08-24,Revenue
TRX_000779,8.891,ACC_4301,2024-03-11,Asset
TRX_000780,4.395,ACC_8982,2024-09-18,Expense
TRX_000781,1.13,ACC_9791,2024-02-08,Liability
TRX_000782,2.65,ACC_3653,2024-10-05,Asset
TRX_000783,3.2,ACC_4969,2024-05-20,Revenue
TRX_000784,7.531,ACC_2309,2024-01-24,Expense
TRX_000785,7.767,ACC_3711,2024-06-26,Expense
TRX_000786,3.0,ACC_1946,2024-03-11,Revenue
TRX_000787,4.56,ACC_2308,2024-11-03,Liability
TRX_000788,6.99,ACC_2439,2024-10-19,Revenue
TRX_000789,2.91,ACC_1669,2024-08-07,Asset
TRX_000790,2.5,ACC_1109,2024-01-01,Revenue
TRX_000791,1.373,ACC_1104,2024-06-18,Liability
TRX_000792,1.852,ACC_7382,2024-07-16,Revenue
TRX_000793,3.462,ACC_4196,2024-01-26,Expense
TRX_000794,2.0,ACC_1238,2024-04-18,Asset
TRX_000795,8.3,ACC_8756,2024-09-13,Expense
TRX_000796,7.09,ACC_2490,2024-09-03,Revenue
TRX_000797,7.09,ACC_3440,2024-12-15,Asset
TRX_000798,9.8,ACC_3367,2024-09-23,Asset
TRX_000799,1.8,ACC_4262,2024-09-17,Revenue
TRX_000800,1.41,ACC_5264,2024-10-14,Liability
TRX_000801,1.793,ACC_8727,2024-05-04,Expense
TRX_000802,1.759,ACC_2124,2024-02-10,Expense
TRX_000803,1.6,ACC_8232,2024-04-20,Expense
TRX_000804,6.01,ACC_9974,2024-01-23,Liability
TRX_000805,1.0,ACC_3956,2024-11-10,Liability
TRX_000806,2.089,ACC_7458,2024-02-05,Expense
TRX_000807,1.3,ACC_1968,2024-02-05,Revenue
TRX_000808,1.98,ACC_8382,2024-12-10,Expense
TRX_000809,9.55,ACC_4201,2024-02-10,Liability
TRX_000810,4.7,ACC_4377,2024-05-12,Liability
TRX_000811,8.1,ACC_6285,2024-11-11,Revenue
TRX_000812,1.1,ACC_3889,2024-02-26,Expense
TRX_000813,8.963,ACC_8612,2024-06-14,Liability
TRX_000814,1.022,ACC_2861,2024-11-16,Expense
TRX_000815,9.697,ACC_6909,2024-09-19,Asset
TRX_000816,1.3,ACC_3070,2024-09-02,Expense
TRX_000817,3.2,ACC_9872,2024-05-22,Expense
TRX_000818,7.1,ACC_4167,2024-06-08,Expense
TRX_000819,1.0,ACC_3024,2024-10-23,Liability
TRX_000820,2.5,ACC_3511,2024-03-02,Asset
TRX_000821,2.131,ACC_4175,2024-10-26,Liability
TRX_000822,3.2,ACC_3759,2024-12-08,Asset
TRX_000823,5.503,ACC_6773,2024-03-09,Expense
TRX_000824,8.3,ACC_3338,2024-05-15,Expense
TRX_000825,1.754,ACC_9627,2024-04-04,Asset
TRX_000826,1.3,ACC_1076,2024-10-06,Expense
TRX_000827,1.27,ACC_8024,2024-10-21,Expense
TRX_000828,3.98,ACC_9333,2024-04-15,Liability
TRX_000829,1.1,ACC_9234,2024-08-20,Asset
TRX_000830,2.4,ACC_3110,2024-11-17,Asset
TRX_000831,2.16,ACC_5701,2024-01-13,Expense
TRX_000832,2.395,ACC_1941,2024-08-25,Expense
TRX_000833,1.8,ACC_9853,2024-04-01,Liability
TRX_000834,2.1,ACC_4414,2024-05-23,Revenue
TRX_000835,2.3,ACC_3709,2024-03-06,Expense
TRX_000836,8.81,ACC_7722,2024-10-17,Asset
TRX_000837,4.804,ACC_3130,2024-09-24,Revenue
TRX_000838,2.463,ACC_7265,2024-09-07,Expense
TRX_000839,1.482,ACC_8999,2024-04-17,Expense
TRX_000840,5.28,ACC_1652,2024-08-23,Revenue
TRX_000841,1.3,ACC_5759,2024-04-19,Liability
TRX_000842,6.81,ACC_3653,2024-12-16,Revenue
TRX_000843,7.4,ACC_6912,2024-11-09,Expense
TRX_000844,8.823,ACC_5784,2024-01-17,Revenue
TRX_000845,2.4,ACC_9808,2024-03-19,Asset
TRX_000846,1.1,ACC_2409,2024-01-26,Expense
TRX_000847,2.976,ACC_2306,2024-10-03,Asset
TRX_000848,2.349,ACC_7236,2024-01-04,Liability
TRX_000849,8.0,ACC_2695,2024-04-15,Revenue
TRX_000850,3.775,ACC_3825,2024-09-27,Liability
TRX_000851,3.0,ACC_2789,2024-02-15,Expense
TRX_000852,1.74,ACC_1973,2024-12-23,Expense
TRX_000853,1.698,ACC_8433,2024-10-16,Revenue
TRX_000854,2.46,ACC_6873,2024-11-15,Revenue
TRX_000855,3.869,ACC_9283,2024-07-13,Revenue
TRX_000856,3.72,ACC_5537,2024-10-01,Liability
TRX_000857,1.1,ACC_3922,2024-02-07,Expense
TRX_000858,2.66,ACC_7229,2024-10-11,Revenue
TRX_000859,1.689,ACC_9160,2024-05-20,Expense
TRX_000860,8.754,ACC_1352,2024-04-19,Revenue
TRX_000861,1.5,ACC_1481,2024-03-11,Expense
TRX_000862,2.4,ACC_1865,2024-06-26,Expense
TRX_000863,4.284,ACC_4770,2024-06-14,Liability
TRX_000864,1.2,ACC_9978,2024-05-27,Expense
TRX_000865,1.71,ACC_6392,2024-04-12,Revenue
TRX_000866,6.3,ACC_3377,2024-09-03,Asset
TRX_000867,1.0,ACC_9903,2024-03-27,Revenue
TRX_000868,5.6,ACC_4574,2024-04-09,Revenue
TRX_000869,5.12,ACC_6769,2024-06-14,Revenue
TRX_000870,8.46,ACC_6854,2024-07-19,Asset
TRX_000871,2.718,ACC_8727,2024-08-06,Expense
TRX_000872,6.48,ACC_1986,2024-09-15,Expense
TRX_000873,2.9,ACC_4413,2024-12-24,Revenue
TRX_000874,7.7,ACC_4081,2024-09-27,Asset
TRX_000875,2.2,ACC_3933,2024-07-14,Expense
TRX_000876,5.76,ACC_8523,2024-02-24,Asset
TRX_000877,6.69,ACC_2088,2024-08-04,Revenue
TRX_000878,2.159,ACC_9378,2024-01-04,Liability
TRX_000879,1.8,ACC_9330,2024-11-06,Revenue
TRX_000880,4.5,ACC_9759,2024-06-05,Asset
TRX_000881,1.94,ACC_5537,2024-04-02,Liability
TRX_000882,1.1,ACC_4988,2024-12-13,Revenue
TRX_000883,9.5,ACC_9652,2024-11-01,Revenue
TRX_000884,1.8,ACC_6167,2024-08-17,Asset
TRX_000885,3.7,ACC_5997,2024-09-01,Revenue
TRX_000886,4.92,ACC_3096,2024-03-11,Revenue
TRX_000887,9.7,ACC_4216,2024-12-14,Liability
TRX_000888,2.3,ACC_5529,2024-03-11,Revenue
TRX_000889,3.1,ACC_1045,2024-10-15,Revenue
TRX_000890,2.357,ACC_1636,2024-06-16,Expense
TRX_000891,1.5,ACC_6323,2024-01-25,Liability
TRX_000892,5.25,ACC_3108,2024-10-27,Liability
TRX_000893,3.2,ACC_4900,2024-05-10,Liability
TRX_000894,1.368,ACC_8838,2024-11-16,Liability
TRX_000895,2.6,ACC_8069,2024-03-09,Expense
TRX_000896,2.24,ACC_8714,2024-04-16,Liability
TRX_000897,9.3,ACC_5242,2024-10-17,Revenue
TRX_000898,5.97,ACC_4499,2024-04-11,Revenue
TRX_000899,1.48,ACC_7604,2024-11-16,Liability
TRX_000900,4.79,ACC_8372,2024-09-17,Asset
TRX_000901,1.32,ACC_5102,2024-09-19,Revenue
TRX_000902,3.16,ACC_5865,2024-02-18,Asset
TRX_000903,1.06,ACC_5092,2024-12-21,Asset
TRX_000904,6.9,ACC_3181,2024-11-17,Revenue
TRX_000905,1.655,ACC_8226,2024-04-03,Expense
TRX_000906,2.0,ACC_3982,2024-10-04,Asset
TRX_000907,2.4,ACC_9146,2024-05-20,Expense
TRX_000908,7.097,ACC_4022,2024-05-04,Expense
TRX_000909,4.43,ACC_7763,2024-03-10,Asset
TRX_000910,7.102,ACC_1500,2024-10-27,Liability
TRX_000911,6.428,ACC_5284,2024-10-26,Liability
TRX_000912,2.05,ACC_5482,2024-07-21,Revenue
TRX_000913,1.4,ACC_8338,2024-05-26,Revenue
TRX_000914,2.78,ACC_3588,2024-07-03,Revenue
TRX_000915,9.2,ACC_3837,2024-01-25,Asset
TRX_000916,2.5,ACC_5150,2024-03-06,Asset
TRX_000917,2.4,ACC_6790,2024-09-16,Expense
TRX_000918,4.79,ACC_6672,2024-03-27,Expense
TRX_000919,1.2,ACC_1598,2024-01-02,Revenue
TRX_000920,6.675,ACC_7806,2024-12-18,Liability
TRX_000921,1.04,ACC_7107,2024-08-15,Liability
TRX_000922,3.0,ACC_7264,2024-05-06,Expense
TRX_000923,1.3,ACC_7655,2024-10-01,Revenue
TRX_000924,1.6,ACC_4319,2024-10-23,Expense
TRX_000925,6.09,ACC_3888,2024-03-19,Expense
TRX_000926,3.712,ACC_6873,2024-08-09,Revenue
TRX_000927,2.428,ACC_6013,2024-11-01,Liability
TRX_000928,3.6,ACC_3515,2024-08-10,Revenue
TRX_000929,2.0,ACC_5370,2024-04-10,Revenue
TRX_000930,1.08,ACC_9899,2024-04-03,Asset
TRX_000931,8.73,ACC_9127,2024-08-17,Asset
TRX_000932,1.0,ACC_5268,2024-04-22,Liability
TRX_000933,6.24,ACC_4872,2024-07-12,Asset
TRX_000934,8.5,ACC_3389,2024-02-19,Liability
TRX_000935,3.09,ACC_4663,2024-04-27,Liability
TRX_000936,5.302,ACC_3708,2024-06-09,Revenue
TRX_000937,1.8,ACC_9399,2024-02-27,Revenue
TRX_000938,1.86,ACC_9634,2024-02-17,Expense
TRX_000939,7.72,ACC_8192,2024-10-05,Asset
TRX_000940,4.14,ACC_8262,2024-01-15,Expense
TRX_000941,6.586,ACC_3484,2024-09-06,Expense
TRX_000942,1.0,ACC_8743,2024-11-25,Revenue
TRX_000943,7.8,ACC_8938,2024-03-01,Revenue
TRX_000944,4.8,ACC_5817,2024-02-07,Asset
TRX_000945,3.7,ACC_3273,2024-03-05,Expense
TRX_000946,7.165,ACC_3520,2024-09-02,Asset
TRX_000947,1.5,ACC_4683,2024-01-09,Liability
TRX_000948,3.45,ACC_2868,2024-08-27,Revenue
TRX_000949,5.8,ACC_7010,2024-07-23,Liability
TRX_000950,6.0,ACC_5637,2024-09-06,Revenue
TRX_000951,1.1,ACC_9457,2024-05-15,Revenue
TRX_000952,5.7,ACC_1209,2024-08-04,Expense
TRX_000953,8.4,ACC_4148,2024-01-23,Liability
TRX_000954,8.327,ACC_7338,2024-07-18,Asset
TRX_000955,1.7,ACC_1329,2024-12-25,Asset
TRX_000956,1.082,ACC_2388,2024-10-16,Liability
TRX_000957,1.0,ACC_9708,2024-05-14,Asset
TRX_000958,3.325,ACC_5995,2024-03-09,Revenue
TRX_000959,2.594,ACC_2050,2024-06-26,Expense
TRX_000960,2.2,ACC_2329,2024-12-19,Revenue
TRX_000961,1.17,ACC_2573,2024-07-11,Revenue
TRX_000962,8.753,ACC_2160,2024-10-02,Liability
TRX_000963,7.4,ACC_5635,2024-08-14,Liability
TRX_000964,4.7,ACC_9370,2024-02-09,Expense
TRX_000965,1.1,ACC_1419,2024-09-12,Revenue
TRX_000966,6.509,ACC_2340,2024-06-25,Revenue
TRX_000967,4.37,ACC_2292,2024-07-11,Liability
TRX_000968,7.015,ACC_9494,2024-07-22,Revenue
TRX_000969,7.4,ACC_9953,2024-03-23,Expense
TRX_000970,2.291,ACC_9007,2024-04-25,Liability
TRX_000971,1.625,ACC_2420,2024-05-01,Asset
TRX_000972,3.3,ACC_4305,2024-03-27,Liability
TRX_000973,1.56,ACC_6944,2024-12-23,Expense
TRX_000974,1.748,ACC_3793,2024-12-05,Revenue
TRX_000975,9.12,ACC_5080,2024-03-18,Revenue
TRX_000976,2.41,ACC_3015,2024-02-17,Expense
TRX_000977,2.54,ACC_3018,2024-12-03,Asset
TRX_000978,2.3,ACC_9216,2024-04-18,Asset
TRX_000979,1.4,ACC_7884,2024-06-17,Expense
TRX_000980,7.29,ACC_6644,2024-03-11,Expense
TRX_000981,4.2,ACC_4215,2024-02-07,Revenue
TRX_000982,1.98,ACC_4131,2024-08-19,Asset
TRX_000983,1.67,ACC_1889,2024-10-24,Liability
TRX_000984,2.11,ACC_8624,2024-07-18,Liability
TRX_000985,5.872,ACC_6008,2024-02-15,Expense
TRX_000986,1.38,ACC_3949,2024-06-26,Asset
TRX_000987,1.521,ACC_8022,2024-05-16,Expense
TRX_000988,1.6,ACC_9051,2024-06-03,Liability
TRX_000989,7.84,ACC_4891,2024-03-10,Revenue
TRX_000990,1.602,ACC_2884,2024-08-16,Revenue
TRX_000991,6.752,ACC_2550,2024-01-07,Revenue
TRX_000992,4.9,ACC_7572,2024-11-20,Expense
TRX_000993,4.536,ACC_8218,2024-01-04,Asset
TRX_000994,7.47,ACC_9659,2024-04-05,Asset
TRX_000995,3.506,ACC_1444,2024-06-15,Liability
TRX_000996,1.58,ACC_5008,2024-01-17,Revenue
TRX_000997,8.9,ACC_6430,2024-03-02,Liability
TRX_000998,1.75,ACC_9834,2024-06-16,Expense
TRX_000999,7.963,ACC_1755,2024-07-04,Liability
TRX_001000,3.6,ACC_5060,2024-10-19,Expense
TRX_000001,1.24,ACC_6789,2024-03-27,Expense
TRX_000002,3.0,ACC_2912,2024-09-21,Revenue
TRX_000003,5.542,ACC_7554,2024-08-20,Liability
TRX_000004,6.257,ACC_2118,2024-09-22,Revenue
TRX_000005,1.18,ACC_7337,2024-02-03,Liability
TRX_000006,1.813,ACC_5760,2024-02-10,Asset
TRX_000007,1.78,ACC_5374,2024-08-20,Liability
TRX_000008,6.7,ACC_5867,2024-01-13,Liability
TRX_000009,1.7,ACC_7686,2024-06-10,Liability
TRX_000010,7.62,ACC_5511,2024-04-10,Revenue
TRX_000011,2.143,ACC_9252,2024-08-07,Expense
TRX_000012,1.29,ACC_9664,2024-05-14,Asset
TRX_000013,1.596,ACC_8824,2024-01-26,Expense
TRX_000014,7.042,ACC_6824,2024-08-12,Asset
TRX_000015,2.88,ACC_6957,2024-08-04,Revenue
TRX_000016,3.633,ACC_3810,2024-05-05,Liability
TRX_000017,1.6,ACC_8507,2024-10-23,Expense
TRX_000018,1.9,ACC_6756,2024-07-09,Expense
TRX_000019,3.998,ACC_2750,2024-11-17,Liability
TRX_000020,1.3,ACC_6938,2024-01-23,Asset
TRX_000021,7.53,ACC_8933,2024-06-26,Asset
TRX_000022,2.4,ACC_4818,2024-10-26,Liability
TRX_000023,2.369,ACC_5408,2024-10-04,Expense
TRX_000024,4.95,ACC_7185,2024-01-14,Expense
TRX_000025,2.7,ACC_9594,2024-06-25,Liability
TRX_000026,1.4,ACC_5419,2024-09-13,Asset
TRX_000027,8.3,ACC_4378,2024-02-09,Liability
TRX_000028,4.4,ACC_9533,2024-05-27,Liability
TRX_000029,4.5,ACC_2434,2024-10-16,Expense
TRX_000030,2.2,ACC_9457,2024-06-17,Revenue
TRX_000031,1.782,ACC_7065,2024-04-08,Asset
TRX_000032,8.329,ACC_5677,2024-11-14,Liability
TRX_000033,3.18,ACC_6712,2024-07-22,Asset
TRX_000034,6.2,ACC_5675,2024-12-18,Expense
TRX_000035,3.685,ACC_2031,2024-01-19,Asset
TRX_000036,1.6,ACC_3296,2024-11-19,Revenue
TRX_000037,9.7,ACC_9720,2024-10-10,Asset
TRX_000038,7.1,ACC_8972,2024-02-26,Revenue
TRX_000039,2.7,ACC_4850,2024-06-27,Asset
TRX_000040,8.9,ACC_1740,2024-10-14,Revenue
TRX_000041,1.816,ACC_8991,2024-05-12,Revenue
TRX_000042,2.29,ACC_5846,2024-12-21,Expense
TRX_000043,8.5,ACC_9737,2024-07-13,Asset
TRX_000044,2.3,ACC_2257,2024-11-27,Asset
TRX_000045,3.4,ACC_1120,2024-05-27,Expense
TRX_000046,6.1,ACC_9177,2024-02-24,Liability
TRX_000047,5.54,ACC_5994,2024-05-05,Revenue
TRX_000048,1.361,ACC_6539,2024-01-26,Liability
TRX_000049,1.9,ACC_7711,2024-11-26,Liability
TRX_000050,1.963,ACC_4428,2024-09-07,Liability
TRX_000051,2.69,ACC_8260,2024-09-04,Liability
TRX_000052,1.1,ACC_8073,2024-08-09,Asset
TRX_000053,7.5,ACC_4708,2024-12-26,Expense
TRX_000054,1.493,ACC_9867,2024-12-24,Revenue
TRX_000055,3.27,ACC_9065,2024-02-09,Revenue
TRX_000056,6.5,ACC_6067,2024-01-12,Expense
TRX_000057,1.2,ACC_3729,2024-11-18,Expense
TRX_000058,1.3,ACC_2878,2024-03-23,Revenue
TRX_000059,5.368,ACC_5477,2024-08-08,Revenue
TRX_000060,2.42,ACC_5759,2024-12-21,Liability
TRX_000061,8.544,ACC_2900,2024-10-18,Revenue
TRX_000062,2.014,ACC_1815,2024-12-13,Asset
TRX_000063,1.4,ACC_7702,2024-06-12,Liability
TRX_000064,2.3,ACC_1255,2024-01-12,Liability
TRX_000065,2.845,ACC_9762,2024-09-25,Liability
TRX_000066,6.4,ACC_1347,2024-06-09,Liability
TRX_000067,7.52,ACC_4038,2024-09-15,Expense
TRX_000068,3.2,ACC_3274,2024-07-08,Asset
TRX_000069,3.7,ACC_6974,2024-12-17,Expense
TRX_000070,3.82,ACC_3285,2024-07-13,Expense
TRX_000071,9.328,ACC_8843,2024-06-08,Asset
TRX_000072,1.4,ACC_6289,2024-07-13,Revenue
TRX_000073,3.356,ACC_7708,2024-02-23,Liability
TRX_000074,2.3,ACC_1754,2024-12-15,Asset
TRX_000075,2.4,ACC_3815,2024-11-16,Revenue
TRX_000076,1.3,ACC_1607,2024-10-15,Expense
TRX_000077,1.405,ACC_6044,2024-08-25,Liability
TRX_000078,3.23,ACC_7783,2024-11-20,Asset
TRX_000079,1.488,ACC_8211,2024-01-14,Expense
TRX_000080,7.01,ACC_7278,2024-08-17,Asset
TRX_000081,5.8,ACC_4598,2024-09-26,Asset
TRX_000082,6.6,ACC_2758,2024-08-17,Expense
TRX_000083,6.446,ACC_8550,2024-11-15,Liability
TRX_000084,9.013,ACC_8980,2024-08-27,Revenue
TRX_000085,4.1,ACC_3036,2024-07-15,Revenue
TRX_000086,1.8,ACC_1023,2024-04-13,Asset
TRX_000087,5.7,ACC_2485,2024-10-12,Liability
TRX_000088,6.7,ACC_1756,2024-11-01,Liability
TRX_000089,2.0,ACC_1258,2024-12-19,Asset
TRX_000090,4.55,ACC_1784,2024-05-22,Liability
TRX_000091,1.2,ACC_5746,2024-08-07,Expense
TRX_000092,1.8,ACC_6396,2024-02-03,Liability
TRX_000093,2.2,ACC_1573,2024-07-21,Revenue
TRX_000094,2.97,ACC_7676,2024-05-08,Revenue
TRX_000095,8.2,ACC_5650,2024-09-05,Revenue
TRX_000096,1.3,ACC_9787,2024-02-12,Revenue
TRX_000097,3.5,ACC_4869,2024-08-11,Liability
TRX_000098,2.4,ACC_6340,2024-12-16,Asset
TRX_000099,9.049,ACC_8147,2024-10-04,Asset
TRX_000100,1.4,ACC_1051,2024-09-21,Revenue
TRX_000101,7.6,ACC_7875,2024-09-22,Expense
TRX_000102,1.21,ACC_7900,2024-02-12,Revenue
TRX_000103,1.12,ACC_8496,2024-04-17,Revenue
TRX_000104,2.2,ACC_2860,2024-03-19,Liability
TRX_000105,1.408,ACC_6493,2024-01-03,Asset
TRX_000106,2.969,ACC_6611,2024-09-22,Asset
TRX_000107,1.9,ACC_9851,2024-09-15,Asset
TRX_000108,8.1,ACC_7457,2024-03-14,Liability
TRX_000109,9.4,ACC_5155,2024-11-25,Asset
TRX_000110,7.89,ACC_6063,2024-03-22,Asset
TRX_000111,1.0,ACC_6247,2024-03-11,Liability
TRX_000112,6.97,ACC_8391,2024-05-04,Revenue
TRX_000113,3.1,ACC_6239,2024-05-16,Asset
TRX_000114,3.42,ACC_2721,2024-12-12,Expense
TRX_000115,1.3,ACC_6775,2024-10-13,Expense
TRX_000116,2.24,ACC_9179,2024-03-08,Expense
TRX_000117,3.7,ACC_9401,2024-03-26,Expense
TRX_000118,3.126,ACC_6604,2024-07-20,Revenue
TRX_000119,6.1,ACC_3514,2024-04-22,Expense
TRX_000120,2.109,ACC_3343,2024-01-12,Expense
TRX_000121,1.5,ACC_3502,2024-12-08,Liability
TRX_000122,2.8,ACC_6897,2024-06-06,Revenue
TRX_000123,4.5,ACC_7877,2024-11-08,Revenue
TRX_000124,6.9,ACC_5969,2024-03-08,Asset
TRX_000125,3.4,ACC_4439,2024-09-04,Revenue
TRX_000126,4.02,ACC_6040,2024-04-24,Liability
TRX_000127,4.797,ACC_5543,2024-04-08,Revenue
TRX_000128,9.87,ACC_9916,2024-12-03,Asset
TRX_000129,1.128,ACC_8475,2024-04-03,Revenue
TRX_000130,1.214,ACC_7096,2024-12-27,Expense
TRX_000131,7.78,ACC_6423,2024-07-15,Expense
TRX_000132,4.839,ACC_7805,2024-05-01,Revenue
TRX_000133,1.8,ACC_4118,2024-05-07,Asset
TRX_000134,3.549,ACC_9776,2024-08-14,Liability
TRX_000135,2.33,ACC_1537,2024-05-13,Revenue
TRX_000136,3.492,ACC_5062,2024-05-03,Liability
TRX_000137,2.5,ACC_1761,2024-04-20,Liability
TRX_000138,1.1,ACC_4164,2024-03-12,Liability
TRX_000139,2.157,ACC_8187,2024-06-14,Revenue
TRX_000140,3.66,ACC_1288,2024-01-12,Liability
TRX_000141,3.267,ACC_7213,2024-08-08,Asset
TRX_000142,7.57,ACC_6600,2024-05-19,Liability
TRX_000143,4.16,ACC_6055,2024-07-13,Revenue
TRX_000144,6.0,ACC_8795,2024-02-04,Expense
TRX_000145,1.31,ACC_1530,2024-10-18,Expense
TRX_000146,2.9,ACC_6156,2024-01-22,Revenue
TRX_000147,1.7,ACC_7189,2024-08-23,Revenue
TRX_000148,1.86,ACC_1762,2024-10-26,Liability
TRX_000149,6.47,ACC_9194,2024-12-23,Expense
TRX_000150,8.1,ACC_6606,2024-11-26,Asset
TRX_000151,1.909,ACC_3063,2024-12-26,Liability
TRX_000152,5.3,ACC_5919,2024-04-02,Asset
TRX_000153,9.388,ACC_6718,2024-05-23,Liability
TRX_000154,2.3,ACC_6715,2024-02-19,Liability
TRX_000155,4.78,ACC_9473,2024-02-02,Asset
TRX_000156,5.6,ACC_5861,2024-01-25,Revenue
TRX_000157,6.2,ACC_8919,2024-09-27,Revenue
TRX_000158,4.5,ACC_1938,2024-01-26,Asset
TRX_000159,3.6,ACC_3685,2024-12-11,Liability
TRX_000160,2.155,ACC_8039,2024-02-20,Liability
TRX_000161,1.1,ACC_3283,2024-04-25,Asset
TRX_000162,2.762,ACC_7227,2024-01-16,Expense
TRX_000163,6.65,ACC_3340,2024-04-02,Expense
TRX_000164,3.96,ACC_7645,2024-12-15,Asset
TRX_000165,4.9,ACC_3160,2024-05-09,Asset
TRX_000166,1.6,ACC_9771,2024-01-22,Expense
TRX_000167,1.8,ACC_7635,2024-04-22,Revenue
TRX_000168,4.8,ACC_9408,2024-08-16,Expense
TRX_000169,3.214,ACC_8074,2024-01-19,Liability
TRX_000170,2.4,ACC_2614,2024-12-17,Revenue
TRX_000171,7.0,ACC_1504,2024-04-09,Asset
TRX_000172,1.5,ACC_9055,2024-01-25,Asset
TRX_000173,1.5,ACC_5960,2024-03-23,Expense
TRX_000174,1.633,ACC_1978,2024-10-27,Revenue
TRX_000175,3.66,ACC_1947,2024-10-26,Expense
TRX_000176,3.3,ACC_8273,2024-02-16,Expense
TRX_000177,7.9,ACC_8069,2024-08-21,Expense
TRX_000178,2.2,ACC_8989,2024-10-21,Expense
TRX_000179,2.2,ACC_2161,2024-07-11,Expense
TRX_000180,6.041,ACC_9031,2024-06-23,Expense
TRX_000181,1.647,ACC_1703,2024-12-16,Liability
TRX_000182,1.15,ACC_2164,2024-12-15,Asset
TRX_000183,1.04,ACC_6546,2024-06-19,Liability
TRX_000184,6.6,ACC_3655,2024-02-03,Revenue
TRX_000185,2.4,ACC_1376,2024-06-05,Liability
TRX_000186,1.7,ACC_5735,2024-12-18,Revenue
TRX_000187,3.5,ACC_2723,2024-09-27,Liability
TRX_000188,8.75,ACC_4881,2024-07-06,Liability
TRX_000189,1.0,ACC_6445,2024-05-25,Revenue
TRX_000190,1.62,ACC_5719,2024-01-27,Liability
TRX_000191,3.8,ACC_5348,2024-01-07,Revenue
TRX_000192,9.99,ACC_1759,2024-07-20,Revenue
TRX_000193,1.6,ACC_9621,2024-04-10,Expense
TRX_000194,4.0,ACC_6423,2024-11-18,Liability
TRX_000195,2.94,ACC_5041,2024-02-21,Liability
TRX_000196,4.841,ACC_8142,2024-01-10,Liability
TRX_000197,4.3,ACC_8849,2024-05-25,Revenue
TRX_000198,1.8,ACC_5370,2024-08-17,Liability
TRX_000199,3.07,ACC_7208,2024-05-04,Asset
TRX_000200,2.0,ACC_9194,2024-05-26,Asset
